﻿Designator,Footprint,Quantity,Value,LCSC Part #
A1,Clone_Pro_Mini_Socket,1,Arduino_Mini_Socket,
C1,CAPPRD350W65D800H1300,1,EEU-FK1E271,
C2,0805,1,100nF,
C3,0805,1,10nF,
C4,0805,1,.1uF,
C5,0805,1,.33uF,
IC1,SOIC127P600X175-16N,1,VNH7100BASTR,
IC2,VREG_TL431CPK,1,CJ79L05,
IC3,SOIC127P600X175-8N,1,P82B715DR,
"J1, J2",JST_B4B-XH-A_LF__SN_,2,B4B-XH-A_LF__SN_,
"J3, J4",XT30PB,2,XT30PB,
LED1,NHB2020RGBAHF,1,NH-B2020RGBA-HF,
R1,TRIM_PT15NV15-102A1010-S,1,PTV09A-4225F-B104,
R10,0805,1,4.7,
R11,0805,1,470,
"R2, R3, R4, R5",0805,4,1k,
R6,R_Axial_DIN0207_L6.3mm_D2.5mm_P10.16mm_Horizontal,1,Rsense,
"R7, R8",0805,2,220,
R9,0805,1,300,
