﻿pos_x,pos_y,rotation,side,designator,mpn,pack,footprint,value,mount_type
86.36,-77.216,-90.0,top,C2,,,C_0805_2012Metric,100nF,smt
104.7496,-78.7146,0.0,top,C3,,,C_0805_2012Metric,10nF,smt
85.1408,-80.8482,-90.0,top,C4,,,C_0805_2012Metric,30pF,smt
85.0392,-85.151,-90.0,top,C5,,,C_0805_2012Metric,30pF,smt
95.6056,-84.0638,-90.0,top,C6,,,C_0805_2012Metric,100nF,smt
94.8436,-96.1644,90.0,top,C7,,,C_0805_2012Metric,100nF,smt
102.2096,-98.694201,-90.0,top,C8,,,C_0805_2012Metric,100nF,smt
78.8671,-62.611,0.0,top,D1,,,LED_0603_1608Metric,KT-0603R,smt
102.1832,-81.2292,180.0,top,DZ1,,,D_SOD-123,MM1Z3V3,smt
91.268,-73.787,0.0,top,IC1,VNH7100BASTR,,SOIC127P600X175-16N,VNH7100BASTR,smt
90.7796,-84.4448,180.0,top,IC2,TJA1050T/CM,,SOIC127P600X175-8N,TJA1050T_CM,smt
99.0266,-97.4574,0.0,top,IC3,LSM6DS3TR-C,,LSM6DS3USTR,LSM6DS3TR-C,smt
80.4738,-89.378,-90.0,top,J1,,,JST_SH_SM04B-SRSS-TB_1x04-1MP_P1.00mm_Horizontal,SM04B-SRSS-TB,smt
80.4738,-81.25,-90.0,top,J2,,,JST_SH_SM04B-SRSS-TB_1x04-1MP_P1.00mm_Horizontal,SM04B-SRSS-TB,smt
81.3502,-97.3882,0.0,top,J5,,,JST_SH_SM04B-SRSS-TB_1x04-1MP_P1.00mm_Horizontal,SM04B-SRSS-TB,smt
89.7696,-97.3882,0.0,top,J6,,,JST_SH_SM04B-SRSS-TB_1x04-1MP_P1.00mm_Horizontal,SM04B-SRSS-TB,smt
90.5162,-90.617,180.0,top,Q1,,,SOT-23,BSS138,smt
86.63,-90.6322,0.0,top,Q2,,,SOT-23,BSS138,smt
104.2924,-91.186,90.0,top,R1,,,R_0402_1005Metric,8.2k,smt
94.9706,-90.0644,90.0,top,R10,,,R_0402_1005Metric,3.9k,smt
104.2924,-93.6518,90.0,top,R11,,,R_0402_1005Metric,2.2k,smt
94.9706,-92.6064,90.0,top,R12,,,R_0402_1005Metric,1.1k,smt
104.2924,-88.771,-90.0,top,R13,,,R_0402_1005Metric,8.2k,smt
89.0798,-93.3196,0.0,top,R14,,,R_0402_1005Metric,10k,smt
102.1588,-96.0628,90.0,top,R15,,,R_0402_1005Metric,10k,smt
78.357001,-64.135,180.0,top,R16,,,R_0402_1005Metric,1.5k,smt
78.105,-72.7456,90.0,top,R17,,,R_0402_1005Metric,120,smt
91.8952,-80.4418,180.0,top,R2,,,R_0402_1005Metric,1.1k,smt
94.1812,-80.4418,180.0,top,R3,,,R_0402_1005Metric,1.1k,smt
100.3554,-79.4004,0.0,top,R4,,,R_0402_1005Metric,1.1k,smt
97.4598,-79.248,0.0,top,R5,,,R_0402_1005Metric,1.1k,smt
89.8144,-88.138,180.0,top,R7,,,R_0402_1005Metric,10k,smt
86.5866,-88.1634,180.0,top,R8,,,R_0402_1005Metric,10k,smt
85.092,-93.2434,180.0,top,R9,,,R_0402_1005Metric,10k,smt
99.5426,-91.44,0.0,top,SW1,,,SW_DIP_SPSTx04_Slide_Copal_CHS-04A_W5.08mm_P1.27mm_JPin,DSHP04TJGER,smt
