﻿pos_x,pos_y,rotation,side,designator,mpn,pack,footprint,value,mount_type,place
83.3374,-70.3834,-90.0,top,C1,EEU-FK1E271,,CAPPRD350W65D800H1300,EEU-FK1E271,tht,False
86.36,-77.216,-90.0,top,C2,,,C_0805_2012Metric,100nF,smt,True
104.7496,-78.7146,0.0,top,C3,,,C_0805_2012Metric,10nF,smt,True
85.1408,-80.8482,-90.0,top,C4,,,C_0805_2012Metric,30pF,smt,True
85.0392,-85.151,-90.0,top,C5,,,C_0805_2012Metric,30pF,smt,True
95.6056,-84.0638,-90.0,top,C6,,,C_0805_2012Metric,100nF,smt,True
94.8436,-96.1644,90.0,top,C7,,,C_0805_2012Metric,100nF,smt,True
102.2096,-98.6942,-90.0,top,C8,,,C_0805_2012Metric,100nF,smt,True
78.8671,-62.611,0.0,top,D1,,,LED_0603_1608Metric,KT-0603R,smt,True
88.647,-80.264,180.0,top,D2,,,D_SOD-123,SS34,smt,True
102.1832,-81.2292,180.0,top,DZ1,,,D_SOD-123,MM1Z3V3,smt,True
91.268,-73.787,0.0,top,IC1,VNH7100BASTR,,SOIC127P600X175-16N,VNH7100BASTR,smt,True
90.7796,-84.4448,180.0,top,IC2,TJA1050T/CM,,SOIC127P600X175-8N,TJA1050T_CM,smt,True
99.0266,-97.4574,0.0,top,IC3,LSM6DS3TR-C,,LSM6DS3USTR,LSM6DS3TR-C,smt,True
80.4738,-89.378,-90.0,top,J1,,,JST_SH_SM04B-SRSS-TB_1x04-1MP_P1.00mm_Horizontal,SM04B-SRSS-TB,smt,True
80.4738,-81.25,-90.0,top,J2,,,JST_SH_SM04B-SRSS-TB_1x04-1MP_P1.00mm_Horizontal,SM04B-SRSS-TB,smt,True
97.791,-66.214,0.0,top,J3,XT30PB,,xt30_90_Female,XT30PB,tht,False
86.916,-65.626,0.0,top,J4,XT30PB,,Xt30 Horizontal,XT30PB,tht,False
81.3502,-97.3882,0.0,top,J5,,,JST_SH_SM04B-SRSS-TB_1x04-1MP_P1.00mm_Horizontal,SM04B-SRSS-TB,smt,True
89.7696,-97.3882,0.0,top,J6,,,JST_SH_SM04B-SRSS-TB_1x04-1MP_P1.00mm_Horizontal,SM04B-SRSS-TB,smt,True
92.3326,-65.4744,180.0,top,J7,XT30PB,,XT30PB,XT30PB,tht,False
106.045,-88.773,0.0,top,J8,,,PinHeader_1x03_P2.54mm_Vertical,Conn_01x03_Pin,tht,True
78.486,-70.1548,90.0,top,JP1,,,SolderJumper-2_P1.3mm_Open_RoundedPad1.0x1.5mm,SolderJumper_2_Open,tht,False
78.105,-60.198,-90.0,top,JP2,,,Jumper Connected 2 Pin Small,SolderJumper_2_Open,tht,False
98.907,-86.826,180.0,top,LED1,WS2812C-2020,,WS2812C2020,WS2812C-2020,smt,True
90.5162,-90.617,180.0,top,Q1,,,SOT-23,BSS138,smt,True
86.63,-90.6322,0.0,top,Q2,,,SOT-23,BSS138,smt,True
103.759,-91.186,90.0,top,R1,,,R_0402_1005Metric,22k,smt,True
94.9706,-90.0644,90.0,top,R10,,,R_0402_1005Metric,10k,smt,True
103.759,-93.6518,90.0,top,R11,,,R_0402_1005Metric,4.7k,smt,True
94.9706,-92.6064,90.0,top,R12,,,R_0402_1005Metric,2.2k,smt,True
103.759,-88.771,-90.0,top,R13,,,R_0402_1005Metric,10k,smt,True
89.0798,-93.3196,0.0,top,R14,,,R_0402_1005Metric,10k,smt,True
102.1588,-96.0628,90.0,top,R15,,,R_0402_1005Metric,10k,smt,True
78.357,-64.135,180.0,top,R16,,,R_0402_1005Metric,1.5k,smt,True
78.105,-72.7456,90.0,top,R17,,,R_0402_1005Metric,120,smt,True
92.1825,-80.9577,180.0,top,R2,,,R_0402_1005Metric,1.1k,smt,True
94.1637,-80.9577,180.0,top,R3,,,R_0402_1005Metric,1.1k,smt,True
100.3554,-79.4004,0.0,top,R4,,,R_0402_1005Metric,1.1k,smt,True
97.4598,-79.248,0.0,top,R5,,,R_0402_1005Metric,1.1k,smt,True
104.6226,-83.4898,180.0,top,R6,,,R_Axial_DIN0204_L3.6mm_D1.6mm_P2.54mm_Vertical,Rsense,tht,False
89.8144,-88.138,180.0,top,R7,,,R_0402_1005Metric,10k,smt,True
86.5866,-88.1634,180.0,top,R8,,,R_0402_1005Metric,10k,smt,True
85.092,-93.2434,180.0,top,R9,,,R_0402_1005Metric,10k,smt,True
99.5426,-91.44,0.0,top,SW1,,,SW_DIP_SPSTx04_Slide_Copal_CHS-04A_W5.08mm_P1.27mm_JPin,DSHP04TJGER,smt,True
98.2964,-81.9039,-90.0,bottom,U1,,,ESP32-C3 16 Pin Super Mini,MOUDLE-SEEEDUINO-XIAO-ESP32C3,tht,False
95.8342,-73.8886,180.0,bottom,VR1,,,EY9 reg board,~,smt,False
