﻿Designator,Footprint,Quantity,Value,LCSC Part #
A1,Clone_Pro_Mini_Socket,1,Arduino_Mini_Header,
A2,Clone_Pro_Mini_Header,1,Clone_Pro_Mini_Header,
C1,CAPPRD350W65D800H1300,1,EEU-FK1E271,
C2,0805,1,100nF,
C3,0805,1,10nF,
C4,0805,1,.1uF,
C5,0805,1,470nF,
IC1,SOIC127P600X175-16N,1,VNH7100BASTR,
IC2,VREG_TL431CPK,1,CJ79L05,
IC3,SOIC127P600X175-8N,1,P82B715DR,
"J1, J2",JST_B4B-XH-A_LF__SN_,2,B4B-XH-A_LF__SN_,
"J3, J4",XT30PB,2,XT30PB,
J5,JST_EH_B3B-EH-A_1x03_P2.50mm_Vertical,1,Conn_01x03_Pin,
LED1,NHB2020RGBAHF,1,NH-B2020RGBA-HF,
R10,0805,1,4.7k,
R11,0805,1,15k,
"R2, R3, R4, R5",0805,4,1k,
R6,R_Axial_DIN0204_L3.6mm_D1.6mm_P2.54mm_Vertical,1,Rsense,
"R7, R8",0805,2,220,
R9,0805,1,300,
SW1,SW_DIP_SPSTx04_Slide_6.7x11.72mm_W7.62mm_P2.54mm_LowProfile,1,SW_DIP_x04,
